Time (Years),Nominal Cash Flow,Real Cash Flow,Real Net Cash,Discount Rate
0,-900,-900.0,-900.0,0.02
5,1000,993.7589703237009,93.75897032370085,0.012560449490616948
