Time (Years),Nominal Cash Flow,Real Cash Flow,Real Net Cash,Discount Rate
0,-950,-950.0,-950.0,0.02
10,1000,910.8267453553323,-39.173254644667736,0.09790364094971696
